symbol,name,sector,industry,country,website,market_cap,pe_ratio,dividend_yield,52_week_high,52_week_low,description
AAPL,Apple Inc.,Technology,Consumer Electronics,United States,https://www.apple.com,3815401848832,34.6126,0.4,288.62,169.21,"Apple Inc. designs, manufactures, and markets smartphones, personal computers, tablets, wearables, and accessories worldwide. The company offers iPhone, a line of smartphones; Mac, a line of personal computers; iPad, a line of multi-purpose tablets; and wearables, home, and accessories comprising AirPods, Apple Vision Pro, Apple TV, Apple Watch, Beats products, and HomePod, as well as Apple branded and third-party accessories. It also provides AppleCare support and cloud services; and operates various platforms, including the App Store that allow customers to discover and download applications and digital content, such as books, music, video, games, and podcasts, as well as advertising services include third-party licensing arrangements and its own advertising platforms. In addition, the company offers various subscription-based services, such as Apple Arcade, a game subscription service; Apple Fitness+, a personalized fitness service; Apple Music, which offers users a curated listening experience with on-demand radio stations; Apple News+, a subscription news and magazine service; Apple TV, which offers exclusive original content and live sports; Apple Card, a co-branded credit card; and Apple Pay, a cashless payment service, as well as licenses its intellectual property. The company serves consumers, and small and mid-sized businesses; and the education, enterprise, and government markets. It distributes third-party applications for its products through the App Store. The company also sells its products through its retail and online stores, and direct sales force; and third-party cellular network carriers and resellers. The company was formerly known as Apple Computer, Inc. and changed its name to Apple Inc. in January 2007. Apple Inc. was founded in 1976 and is headquartered in Cupertino, California."
AMGN,Amgen Inc.,Healthcare,Drug Manufacturers - General,United States,https://www.amgen.com,177714757632,25.504637,2.93,346.38,261.43,"Amgen Inc. discovers, develops, manufactures, and delivers human therapeutics worldwide. The company's principal products include Enbrel for the treatment of rheumatoid arthritis, plaque psoriasis, and psoriatic arthritis; Otezla for the treatment of adult patients with plaque psoriasis, psoriatic arthritis, and oral ulcers associated with Behçet's disease; Prolia to treat postmenopausal women with osteoporosis; XGEVA for skeletal-related events prevention; Repatha, which reduces the risks of myocardial infarction, stroke, and coronary revascularization; Nplate for the treatment of patients with immune thrombocytopenia; KYPROLIS to treat patients with relapsed or refractory multiple myeloma; Aranesp to treat a lower-than-normal number of red blood cells and anemia; EVENITY for the treatment of osteoporosis in postmenopausal for men and women; Vectibix to treat patients with wild-type RAS metastatic colorectal cancer; BLINCYTO for the treatment of patients with acute lymphoblastic leukemia; TEPEZZA to treat thyroid eye disease; and KRYSTEXXA for the treatment of chronic refractory gout. It also markets other products, including Neulasta, MVASI, AMJEVITA/AMGEVITA, TEZSPIRE, Parsabiv, Aimovig, LUMAKRAS/LUMYKRAS, EPOGEN, KANJINTI, TAVNEOS, RAVICTI, UPLIZNA and PROCYSBI. The company serves healthcare providers, including physicians or their clinics, dialysis centers, hospitals, and pharmacies. It distributes its products through pharmaceutical wholesale distributors, as well as direct-to-consumer channels. The company has collaboration agreements with AstraZeneca plc for the development and commercialization of TEZSPIRE; Novartis Pharma AG to develop and commercialize Aimovig; UCB for the development and commercialization of EVENITY; Kyowa Kirin Co., Ltd. for rocatinlimab development and commercialization; and BeiGene, Ltd. for oncology products expansion and development. Amgen Inc. was incorporated in 1980 and is headquartered in Thousand Oaks, California."
AMZN,"Amazon.com, Inc.",Consumer Cyclical,Internet Retail,United States,https://www.amazon.com,2546195496960,33.688824,,258.6,161.38,"Amazon.com, Inc. engages in the retail sale of consumer products, advertising, and subscriptions service through online and physical stores in North America and internationally. The company operates through three segments: North America, International, and Amazon Web Services (AWS). It also manufactures and sells electronic devices, including Kindle, fire tablets, fire TVs, echo, ring, blink, and eero; and develops and produces media content. In addition, the company offers programs that enable sellers to sell their products in its stores; and programs that allow authors, independent publishers, musicians, filmmakers, Twitch streamers, skill and app developers, and others to publish and sell content. Further, it provides compute, storage, database, analytics, machine learning, and other services, as well as advertising services through programs, such as sponsored ads, display, and video advertising. Additionally, the company offers Amazon Prime, a membership program. The company's products offered through its stores include merchandise and content purchased for resale and products offered by third-party sellers. It also provides AgentCore services, such as AgentCore Runtime, AgentCore Memory, AgentCore Observability, AgentCore Identity, AgentCore Gateway, AgentCore Browser, and AgentCore Code Interpreter. It serves consumers, sellers, developers, enterprises, content creators, advertisers, and employees. Amazon.com, Inc. was incorporated in 1994 and is headquartered in Seattle, Washington."
AXP,American Express Company,Financial Services,Credit Services,United States,https://www.americanexpress.com,248687427584,23.984564,0.92,387.49,220.43,"American Express Company, together with its subsidiaries, operates as integrated payments company in the United States, Europe, the Middle East and Africa, the Asia Pacific, Australia, New Zealand, Latin America, Canada, the Caribbean, and Internationally. It operates through four segments: U.S. Consumer Services, Commercial Services, International Card Services, and Global Merchant and Network Services. The company's products and services include credit card, charge card, banking, and other payment and financing products; network services; expense management products and services; and travel and lifestyle services. It also provides merchant acquisition and processing, servicing and settlement, point-of-sale marketing, and information products and services for merchants; and fraud prevention services, as well as the design and operation of customer loyalty programs. In addition, the company leases and operates lounges at airports. Further, it designs and develops a software to manage company expenses. The company sells its products and services to consumers, small businesses, mid-sized companies, and large corporations through mobile and online applications, affiliate marketing, customer referral programs, third-party service providers and business partners, direct mail, telephone, in-house sales teams, telephone, and direct response advertising. American Express Company was founded in 1850 and is based in New York, New York."
BA,The Boeing Company,Industrials,Aerospace & Defense,United States,https://www.boeing.com,193998077952,,,248.7497,128.88,"The Boeing Company, together with its subsidiaries, designs, develops, manufactures, sells, services, and supports commercial jetliners, military aircraft, satellites, missile defense, human space flight and launch systems, and services worldwide. The company operates through three segments: Commercial Airplanes; Defense, Space & Security; and Global Services. The Commercial Airplanes segment develops, produces, and markets commercial jet aircraft for passenger and cargo requirements. The Defense, Space & Security segment engages in the research, development, production, and modification of manned and unmanned military aircraft and weapons systems; strategic defense and intelligence systems, which include strategic missile and defense systems, command, control, communications, computers, intelligence, surveillance and reconnaissance, cyber and information solutions, and intelligence systems; and satellite systems, such as government and commercial satellites, and space exploration. The Global Services segment offers products and services, including supply chain and logistics management, engineering, maintenance and modifications, upgrades and conversions, spare parts, pilot and maintenance training systems and services, technical and maintenance documents, and data analytics and digital services to commercial and defense customers. The Boeing Company was incorporated in 1916 and is based in Arlington, Virginia."
CAT,Caterpillar Inc.,Industrials,Farm & Heavy Construction Machinery,United States,https://www.caterpillar.com,303190179840,33.222794,0.95,652.3599,267.3,"Caterpillar Inc. manufactures and sells construction and mining equipment, off-highway diesel and natural gas engines, industrial gas turbines, and diesel-electric locomotives in the United States and internationally. Its Construction Industries segment offers asphalt pavers, cold planers, compactors, forestry machines, material handlers, motor graders, pipelayers, road reclaimers, telehandlers, track-type tractors, and track and wheel excavators; compact track, wheel, track-type, backhoe, and skid steer loaders; and related parts and tools. The company's Resource Industries segment provides electric rope and hydraulic shovels, draglines, rotary drills, hard rock vehicles, tractors, mining trucks, wheel loaders, off-highway and articulated trucks, wide-body trucks, wheel tractor scrapers and dozers, fleet management products, landfill and soil compactors, machinery components, autonomous ready vehicles and solutions, work tools, and safety services and mining performance solutions, as well as related parts and services. Its Energy & Transportation segment offers reciprocating engine powered generator sets; reciprocating engines, drivetrain, and integrated systems and solutions; turbines, centrifugal gas compressors, and related services; and diesel-electric locomotives and components, and other rail-related products. The company's Financial Products segment provides operating and finance leases, installment sale contracts, revolving charge accounts, repair/rebuild financing services, working capital loans, and wholesale financing; and insurance and risk management products and services. Its All Other segment offers wear and maintenance components; parts distribution; logistics solutions and distribution services; dealer portfolio management, and brand management and marketing strategy services; and digital investment services. Caterpillar Inc. was founded in 1925 and is headquartered in Irving, Texas."
CRM,"Salesforce, Inc.",Technology,Software - Application,United States,https://www.salesforce.com,222320558080,31.137333,0.71,367.09,221.96,"Salesforce, Inc. provides customer relationship management technology that connects companies and customers together worldwide. The company offers Agentforce, an agentic layer of the salesforce platform; Data Cloud, a data engine; Industries AI for creating industry-specific AI agents with Agentforce; Salesforce Starter, a suite of solution for small and medium-size business; Slack, a workplace communication and productivity platform; Tableau, an end-to-end analytics solution for range of enterprise use cases and intelligent analytics with AI models, spot trends, predict outcomes, timely recommendations, and take action from any device; and integration and analytics solutions, as well as Agentforce Command Center, an observability solution to manage, track, and scale AI agent activity. It also provides marketing platform; commerce services, which empowers shopping experience across various customer touchpoint; and field service solution that enables companies to connect service agents, dispatchers, and mobile employees through one centralized platform to schedule and dispatch work, as well as track and manage jobs. The company has a strategic partnership with Google to integrate Agentforce 360 with Google Workspace for sales and IT service, which expands the Salesforce Gemini integration. Salesforce, Inc. was incorporated in 1999 and is headquartered in San Francisco, California."
CSCO,"Cisco Systems, Inc.",Technology,Communication Equipment,United States,https://www.cisco.com,297319858176,29.054054,2.18,80.82,52.11,"Cisco Systems, Inc. designs, develops, and sells technologies that help to power, secure, and draw insights from the internet in the Americas, Europe, the Middle East, Africa, the Asia Pacific, Japan, and China. The company offers data center switching; network security, identity and access management, and secure access service edge; threat intelligence, detection, and response solutions; interconnects public and private wireline and mobile networks, delivering connectivity to campus, data center, and branch networks; WEBEX suite, collaboration devices, and contact center; communication platform as a service software, including perpetual licenses, subscription arrangements, and hardware solutions; network assurance, monitoring and analytics, and observability suite; issue resolution, software support, and hardware replacement; professional services, such as planning, design, implementation, and high-value consulting; service and support packages, financing, and managed network services; and regional, national, and international wireline carriers, webscale products, internet, and cable. It also delivers connectivity to campus, data center, and branch networks; wireless products, including indoor and outdoor wireless coverage designed for seamless roaming use of voice, video, and data applications; end-to-end collaboration solutions through cloud, on-premise, or within hybrid cloud environments, transition collaboration solutions from on-premise to the cloud; and network assurance, monitoring and analytics, and observability suite. In addition, it offers technical support and advisory services. The company serves businesses, public institutions, governments, and service providers. It sells its products and services directly, through systems integrators, service providers, resellers, and distributors. Cisco Systems, Inc. was incorporated in 1984 and is headquartered in San Jose, California."
CVX,Chevron Corporation,Energy,Oil & Gas Integrated,United States,https://www.chevron.com,334782889984,23.369902,4.12,169.37,132.04,"Chevron Corporation, through its subsidiaries, engages in the integrated energy and chemicals operations in the United States and internationally. The company operates in two segments, Upstream and Downstream. The Upstream segment engages in the exploration, development, production, and transportation of crude oil and natural gas; liquefaction, transportation, and regasification of liquefied natural gas; transporting crude oil through pipelines; processing, transporting, storage, and marketing of natural gas; and carbon capture and storage, as well as a gas-to-liquids plant. The Downstream segment refines crude oil into petroleum products; markets crude oil, refined products, and lubricants; manufactures and markets renewable fuels; transports crude oil and refined products through pipeline, marine vessel, motor equipment, and rail car; and manufactures and markets commodity petrochemicals, plastics for industrial uses, and fuel and lubricant additives. The company was formerly known as ChevronTexaco Corporation and changed its name to Chevron Corporation in 2005. Chevron Corporation was founded in 1879 and is headquartered in Houston, Texas."
DIS,The Walt Disney Company,Communication Services,Entertainment,United States,https://thewaltdisneycompany.com,203903680512,16.556206,1.32,124.69,80.1,"The Walt Disney Company operates as an entertainment company in Americas, Europe, and the Asia Pacific. It operates in three segments: Entertainment, Sports, and Experiences. The company produces and distributes film and television content under the ABC Television Network, Disney, Freeform, FX, Fox, National Geographic, and Star brand television channels, as well as ABC television stations and A+E television networks; and produces original content under the Disney Branded Television, FX Productions, Lucasfilm, Marvel, National Geographic Studios, Pixar, Searchlight Pictures, Twentieth Century Studios, 20th Television, and Walt Disney Pictures banners. It also provides direct-to-consumer streaming services through Disney+, Disney+ Hotstar, and Hulu; sports-related video streaming content through ESPN, ESPN on ABC, ESPN+ DTC, and Star; sale/licensing of film and episodic content to television and video-on-demand services; theatrical, home entertainment, and music distribution services; DVD and Blu-ray discs, electronic home video licenses, and VOD rental services; staging and licensing of live entertainment events; and post-production services. In addition, the company operates theme parks and resorts, such as Walt Disney World Resort, Disneyland Resort, Disneyland Paris, Hong Kong Disneyland Resort, Shanghai Disney Resort, Disney Cruise Line, Disney Vacation Club, National Geographic Expeditions, and Adventures by Disney, as well as Aulani, a Disney resort and spa in Hawaii. Further, it licenses its intellectual property (IP) to a third party that owns and operates Tokyo Disney Resort; licenses trade names, characters, visual, literary, and other IP for use on merchandise, published materials, and games; operates a direct-to-home satellite distribution platform; sells branded merchandise through retail, online, and wholesale businesses; and develops and publishes books, comic books, and magazines. The company was founded in 1923 and is based in Burbank, California."
GS,"The Goldman Sachs Group, Inc.",Financial Services,Capital Markets,United States,https://www.goldmansachs.com,295413383168,19.842619,1.72,981.2599,439.38,"The Goldman Sachs Group, Inc., a financial institution, provides a range of financial services for corporations, financial institutions, governments, and individuals in the Americas, Europe, the Middle East, Africa, and Asia. It operates through Global Banking & Markets, Asset & Wealth Management, and Platform Solutions segments. The Global Banking & Markets segment provides financial advisory services, including strategic advisory assignments related to mergers and acquisitions, divestitures, corporate defense activities, restructurings, and spin-offs; equity and debt underwriting of public offerings and private placements; relationship lending and acquisition financing; secured lending through structured credit and asset-backed lending, such as warehouse, residential and commercial mortgage, corporate, consumer, auto, and student loans; financing through securities purchased under agreements to resell; and commodity financing through structured transactions. This segment also offers client execution activities for cash and derivative instruments; credit and interest rate products; and provision of mortgages, currencies, commodities, and equities related products. Its Asset & Wealth Management segment manages assets across various classes, including equity, fixed income, hedge funds, credit funds, private equity, real estate, currencies, commodities, and asset allocation strategies; and provides customized investment advisory solutions, wealth advisory services, personalized financial planning, and private banking services, as well as invests in corporate equity, credit, real estate, and infrastructure assets. The Platform Solutions segment offers credit cards; and transaction banking and other services, such as deposit-taking, payment solutions, and other cash management services for corporate and institutional clients. The Goldman Sachs Group, Inc. was founded in 1869 and is headquartered in New York, New York."
HD,"The Home Depot, Inc.",Consumer Cyclical,Home Improvement Retail,United States,https://www.homedepot.com,377458130944,25.845943,2.43,426.75,326.31,"The Home Depot, Inc. operates as a home improvement retailer in the United States and internationally. It sells various building materials, home improvement products, lawn and garden products, and décor products, as well as facilities maintenance, repair, and operations products. The company also offers installation services for flooring, water heaters, baths, garage doors, cabinets, cabinet makeovers, countertops, sheds, furnaces and central air systems, and windows. In addition, it provides tool and equipment rental services. The company serves consumers, such as do-it-yourself homeowners and do-it-for-me customers; and professional renovators/remodelers, general contractors, small to medium homebuilders, maintenance professionals, handymen, property managers, building service contractors and specialty tradespeople, such as electricians, landscapers, plumbers, painters, pool contractors, and roofers. It sells its products through websites and its mobile applications, including homedepot.com; homedepot.ca and homedepot.com.mx; blinds.com, justblinds.com, and americanblinds.com for custom window coverings; thecompanystore.com, an online site for textiles and décor products; hdsupply.com for maintenance, repair, and operations products and related services; and srsdistribution.com, heritagelandscapesupplygroup.com, and heritagepoolsupplygroup.com for roofing and building materials, landscape, and pool products; and The Home Depot stores. The Home Depot, Inc. was incorporated in 1978 and is headquartered in Atlanta, Georgia."
HON,Honeywell International Inc.,Industrials,Conglomerates,United States,https://www.honeywell.com,144895459328,22.681437,2.15,227.82281,169.04807,"Honeywell International Inc. engages in the aerospace technologies, industrial automation, building automation, and energy and sustainable solutions businesses in the United States, Europe, and internationally. The company's Aerospace Technologies segment offers auxiliary power units, propulsion engines, integrated avionics, environmental control and electric power systems, engine controls, flight safety, communications, navigation hardware, data and software applications, radar and surveillance systems, aircraft lighting, advanced systems and instruments, satellite and space components, and aircraft wheels and brakes; thermal systems; and spare parts; repair, overhaul, and maintenance services; and wireless connectivity services. Its Industrial Automation segment provides automation control and instrumentation products and services; smart energy products; sensing technologies with custom-engineered sensors and services; gas detection technologies and personal protective equipment; and system design automation equipment, as well as software and analytics for manufacturing, distribution, and fulfillment operations. Its Building Automation segment provides software applications for building control and optimization; sensors, switches, control systems, and instruments for energy management; access control; video surveillance; fire products; and installation, maintenance, and upgrade of systems. The company's Energy and Sustainability Solutions segment offers aviation fuels, petrochemical, refining, and natural gas liquefaction technologies; carbon management solutions; catalysts and adsorbents, equipment and aftermarket services; refrigeration and heating solutions; protective armor and medical applications; and semiconductor materials, as well as data integration and software solutions. Honeywell International Inc. was founded in 1885 and is headquartered in Charlotte, North Carolina."
IBM,International Business Machines Corporation,Technology,Information Technology Services,United States,https://www.ibm.com,278504374272,35.47024,2.17,324.9,214.5,"International Business Machines Corporation, together with its subsidiaries, provides integrated solutions and services in the Americas, Europe, the Middle East, Africa, and the Asia Pacific. It operates through Software, Consulting, Infrastructure, and Financing segments. The Software segment offers hybrid cloud and AI platforms that allows clients to realize their digital and AI transformations across the applications, data, and environments in which they operate. Its Consulting segment focuses on skills integration for strategy, experience, technology, and operations by domain and industry. The Infrastructure segment provides on-premises and cloud based server, and storage solutions, as well as life-cycle services for hybrid cloud infrastructure deployment. Its Financing segment offers client and commercial financing, facilitates IBM clients' acquisition of hardware, software, and services. It has strategic partnership with various companies, including hyperscalers, service providers, system integrators, and software and hardware vendors that includes Adobe, Amazon Web services, Microsoft, Oracle, Salesforce, Samsung Electronics and SAP, and others. The company was formerly known as Computing-Tabulating-Recording Co. International Business Machines Corporation was incorporated in 1911 and is headquartered in Armonk, New York."
JNJ,Johnson & Johnson,Healthcare,Drug Manufacturers - General,United States,https://www.jnj.com,529008951296,21.23501,2.37,219.75,141.5,"Johnson & Johnson, together with its subsidiaries, engages in the research and development, manufacture, and sale of various products in the healthcare field worldwide. It operates in two segments, Innovative Medicine and MedTech. The Innovative Medicine segment offers products for various therapeutic areas, such as immunology, including rheumatoid arthritis, psoriatic arthritis, inflammatory bowel disease, and psoriasis; infectious diseases comprising HIV/AIDS; neuroscience, consisting of mood disorders, neurodegenerative disorders, and schizophrenia; oncology, such as prostate cancer, hematologic malignancies, lung cancer, and bladder cancer; cardiovascular and metabolism, including thrombosis, diabetes, and macular degeneration; and pulmonary hypertension comprising pulmonary arterial hypertension through retailers, wholesalers, distributors, hospitals, and healthcare professionals for prescription use. The MedTech segment provides electrophysiology products to treat heart rhythm disorders; the heart recovery portfolio, which includes technologies to treat severe coronary artery disease requiring high-risk PCI or AMI cardiogenic shock; circulatory restoration products for the treatment of calcified coronary artery and peripheral artery diseases; and neurovascular care that treats hemorrhagic and ischemic stroke. This segment offers an orthopaedics portfolio that includes products and enabling technologies that support hips, knees, trauma, spine, sports, and other; surgery portfolios comprising advanced and general surgery technologies, as well as solutions for breast aesthetics and reconstruction; contact lenses under the ACUVUE brand; and TECNIS intraocular lenses for cataract surgery. It distributes its products to wholesalers, hospitals, and retailers, as well as physicians, nurses, hospitals, eye care professionals, and clinics. The company was founded in 1886 and is based in New Brunswick, New Jersey."
JPM,JPMorgan Chase & Co.,Financial Services,Banks - Diversified,United States,https://www.jpmorganchase.com,841886859264,15.455273,1.94,337.25,202.16,"JPMorgan Chase & Co. operates as a financial services company worldwide. It operates through three segments: Consumer & Community Banking, Commercial & Investment Bank, and Asset & Wealth Management. The company offers deposit, investment and lending products, cash management, and payments and services; mortgage origination and servicing activities; residential mortgages and home equity loans; and credit cards, auto loans, leases, and travel services to consumers and small businesses through bank branches, ATMs, and digital and telephone banking. It also provides investment banking products and services, including corporate strategy and structure advisory, and equity and debt market capital-raising services, as well as loan origination and syndication; payments; and cash and derivative instruments, risk management solutions, prime brokerage, and research, as well as offers securities services, including custody, fund services, liquidity, and trading services, and data solutions products. In addition, the company provides financial solutions, including lending, payments, investment banking, and asset management to small and midsized companies, local governments, nonprofit clients, and municipalities, as well as commercial real estate clients. Further, it offers multi-asset investment management solutions in equities, fixed income, alternatives, and money market funds to institutional clients and retail investors; and retirement products and services, brokerage, custody, estate planning, lending, deposits, and investment management products to high net worth clients. The company was founded in 1799 and is headquartered in New York, New York."
KO,The Coca-Cola Company,Consumer Defensive,Beverages - Non-Alcoholic,United States,https://www.coca-colacompany.com,303322464256,23.33775,2.89,74.38,61.37,"The Coca-Cola Company, a beverage company, manufactures and sells various nonalcoholic beverages in the United States and internationally. The company provides sparkling soft drinks and flavors; water, sports, coffee, and tea; juice, value-added dairy, and plant-based beverages; and other beverages. It also offers beverage concentrates and syrups, as well as fountain syrups to fountain retailers comprising restaurants and convenience stores. The company sells its products under the Coca-Cola, Diet Coke/Coca-Cola Light, Coca-Cola Zero Sugar, caffeine free Diet Coke, Cherry Coke, Fanta Orange, Fanta Zero Orange, Fanta Zero Sugar, Fanta Apple, Sprite, Sprite Zero Sugar, Simply Orange, Simply Apple, Simply Grapefruit, Fresca, Schweppes, Thums Up, Aquarius, Ayataka, BODYARMOR, Ciel, Costa, Crystal, Dasani, dogadan, Fuze Tea, Georgia, glacéau smartwater, glacéau vitaminwater, Gold Peak, I LOHAS, Powerade, Topo Chico, Core Power, Del Valle, fairlife, innocent, Maaza, Minute Maid, Minute Maid Pulpy, and Simply brands. It operates through a network of independent bottling partners, distributors, wholesalers, and retailers, as well as through bottling and distribution operators. The company was founded in 1886 and is headquartered in Atlanta, Georgia."
MCD,McDonald's Corporation,Consumer Cyclical,Restaurants,United States,https://www.mcdonalds.com,220232597504,26.310316,2.41,326.32,278.73,"McDonald's Corporation owns, operates, and franchises restaurants under the McDonald's brand in the United States and internationally. It offers food and beverages, including hamburgers and cheeseburgers, various chicken sandwiches, fries, shakes, desserts, sundaes, soft serve cones, cookies, pies, soft drinks, coffee, and other beverages; and full or limited breakfast, as well as sells various other products during limited-time promotions. The company owns and operates franchised restaurants under various structures, including conventional franchise, developmental license, or affiliate. McDonald's Corporation was founded in 1940 and is based in Chicago, Illinois."
MMM,3M Company,Industrials,Conglomerates,United States,https://www.3m.com,91132944384,27.288677,1.72,174.69,121.98,"3M Company provides diversified technology services in the Americas, the Asia Pacific, Europe, the Middle East, Africa, and internationally. It operates through three segments: Safety and Industrial, Transportation and Electronics, and Consumer. The Safety and Industrial segment offers industrial abrasives and finishing for metalworking applications; autobody repair solutions; industrial specialty products, such as personal hygiene products, masking, and packaging materials; electrical products and materials for construction and maintenance, power distribution, and electrical original equipment manufacturers; structural adhesives and tapes; respiratory, hearing, eye, and fall protection solutions; and mineral granules for shingles. The Transportation and Electronics segment provides ceramic solutions; attachment/bonding, films, sound, and temperature management for transportation vehicles; format graphic films for advertising and fleet signage; reflective signage for highway and vehicle safety; light management films and electronics assembly solutions; chip packaging and interconnection solutions; semiconductor production materials; and data center solutions. The Consumer segment offers cleaning products for the home; consumer air quality products; picture hanging accessories; retail abrasives, paint accessories, and safety products; stationery and office products; automotive appearance products; and consumer bandages, tapes, braces, and supports. The company offers its products through e-commerce and traditional wholesalers, retailers, jobbers, distributors, and dealers, as well as directly to users. 3M Company was founded in 1902 and is headquartered in Saint Paul, Minnesota."
MRK,"Merck & Co., Inc.",Healthcare,Drug Manufacturers - General,United States,https://www.merck.com,277179006976,14.678572,3.06,112.9,73.31,"Merck & Co., Inc. operates as a healthcare company worldwide. The company offers human health pharmaceutical for various areas under the Keytruda, Welireg, Gardasil, ProQuad, M-M-R II, Varivax, Vaxneuvance, RotaTeq, Pneumovax 23, Bridion, Dificid, Zerbaxa, Noxafil, Winrevair, Adempas, Verquvo, Lagevrio, Isentress/Isentress HD, Delstrigo, Pifeltro, Belsomra, Januvia, and Janumet brands. It also provides veterinary pharmaceuticals, vaccines and health management solutions and services, such as livestock products under the Nuflor, Bovilis/Vista, Bovilis Cryptium, Banamine, Estrumate, Matrix, Resflor, Zuprevo, Revalor, Safe-Guard, M+Pac, Porcilis, Circumvent, Nobilis/Innovax, Paracox and Coccivac, Exzolt, Slice, Imvixa, Clynav, Aquavac/Norvax, Aquaflor, Flexolt brands; Allflex Livestock Intelligence solutions; and companion animal products under the Bravecto One-Month, Bravecto Injectable/Quantum, Bravecto Plus, Sentinel Spectrum, Sentinel Flavor Tabs, Optimmune, Nobivac NXT, GilvetMab, Otomax, Mometamax, Mometamax Ultra, Posatex, Caninsulin/Vetsulin, Panacur, Regumate, Prestige, Scalibor/Exspot, Sure Petcare, and Home Again brands. The company has development and commercialization agreement for three of Daiichi Sankyo's deruxtecan ADC candidates; AstraZeneca PLC to co-development and co-commercialize AstraZeneca's Lynparza products for multiple cancer types, and Koselugo for multiple indications; licensed to develop, manufacture and commercialize LM-299, a novel investigational PD-1/VEGF bispecific antibody from LaNova; and collaboration agreement with Eisai Co., Ltd., Bayer AG, and Ridgeback Biotherapeutics LP, as well Moderna, Inc. It has a collaboration agreement with Antengene Corporation Limited to evaluate the combination of ATG-022, a CLDN18.2-targeting antibody-drug conjugate, and anti-PD-1 therapy, as well as KEYTRUDA (pembrolizumab) in patients with advanced solid tumors. Merck & Co., Inc. was founded in 1891 and is headquartered in Rahway, New Jersey."
MSFT,Microsoft Corporation,Technology,Software - Infrastructure,United States,https://www.microsoft.com,3394429779968,32.479374,0.79,555.45,344.79,"Microsoft Corporation develops and supports software, services, devices, and solutions worldwide. The company's Productivity and Business Processes segment offers Microsoft 365 Commercial, Enterprise Mobility + Security, Windows Commercial, Power BI, Exchange, SharePoint, Microsoft Teams, Security and Compliance, and Copilot; Microsoft 365 Commercial products, such as Windows Commercial on-premises and Office licensed services; Microsoft 365 Consumer products and cloud services, such as Microsoft 365 Consumer subscriptions, Office licensed on-premises, and other consumer services; LinkedIn; Dynamics products and cloud services, such as Dynamics 365, cloud-based applications, and on-premises ERP and CRM applications. Its Intelligent Cloud segment provides Server products and cloud services, such as Azure and other cloud services, GitHub, Nuance Healthcare, virtual desktop offerings, and other cloud services; Server products, including SQL and Windows Server, Visual Studio and System Center related Client Access Licenses, and other on-premises offerings; Enterprise and partner services, including Enterprise Support and Nuance professional Services, Industry Solutions, Microsoft Partner Network, and Learning Experience. The company's Personal Computing segment provides Windows and Devices, such as Windows OEM licensing and Devices and Surface and PC accessories; Gaming services and solutions, such as Xbox hardware, content, and services, first- and third-party content Xbox Game Pass, subscriptions, and Cloud Gaming, advertising, and other cloud services; search and news advertising services, such as Bing and Copilot, Microsoft News and Edge, and third-party affiliates. It sells its products through OEMs, distributors, and resellers; and online and retail stores. The company was founded in 1975 and is headquartered in Redmond, Washington."
NKE,"NIKE, Inc.",Consumer Cyclical,Footwear & Accessories,United States,https://www.nike.com,95617957888,37.771927,2.54,82.44,52.28,"NIKE, Inc., together with its subsidiaries, designs, develops, markets, and sells athletic and casual footwear, apparel, equipment, accessories, and services for men, women, and kids in North America, Europe, the Middle East, Africa, Greater China, the Asia Pacific, and Latin America. The company offers its products under the NIKE, Jordan, Jumpman, Converse, Chuck Taylor, All Star, One Star, Star Chevron, and Jack Purcell trademarks. It also provides a line of performance equipment and accessories, including bags, socks, sport balls, eyewear, timepieces, digital devices, bats, gloves, protective equipment, and other equipment for sports activities, as well as various plastic products to other manufacturers; distributes and licenses casual sneakers, apparel, and accessories; and markets apparel with licensed college and professional team and league logos. In addition, the company offers consumer services and experiences, including sport focused events and activations; fitness and activity apps; sport, fitness, and wellness content; and digital services and features in retail stores. It sells its products to footwear stores; sporting goods stores; athletic specialty stores; department stores; skate, tennis, and golf shops; and other wholesale accounts through NIKE-owned retail stores, independent distributors, licensees, sales representatives, and digital platforms. The company was formerly known as Blue Ribbon Sports, Inc. and changed its name to NIKE, Inc. in May 1971. NIKE, Inc. was founded in 1964 and is headquartered in Beaverton, Oregon."
NVDA,NVIDIA Corporation,Technology,Semiconductors,United States,https://www.nvidia.com,4554106601472,46.185184,0.02,212.19,86.62,"NVIDIA Corporation, a computing infrastructure company, provides graphics and compute and networking solutions in the United States, Singapore, Taiwan, China, Hong Kong, and internationally. The Compute & Networking segment includes its Data Centre accelerated computing platforms and artificial intelligence solutions and software; networking; automotive platforms and autonomous and electric vehicle solutions; Jetson for robotics and other embedded platforms; and DGX Cloud computing services. The Graphics segment offers GeForce GPUs for gaming and PCs, the GeForce NOW game streaming service and related infrastructure, and solutions for gaming platforms; Quadro/NVIDIA RTX GPUs for enterprise workstation graphics; virtual GPU or vGPU software for cloud-based visual and virtual computing; automotive platforms for infotainment systems; and Omniverse software for building and operating industrial AI and digital twin applications. It also customized agentic solutions designed in collaboration with NVIDIA to accelerate enterprise AI adoption. The company's products are used in gaming, professional visualization, data center, and automotive markets. It sells its products to original equipment manufacturers, original device manufacturers, system integrators and distributors, independent software vendors, cloud service providers, consumer internet companies, add-in board manufacturers, distributors, automotive manufacturers and tier-1 automotive suppliers, and other ecosystem participants. The company has a strategic partnership with Siemens Aktiengesellschaft to develop industrial and physical AI solutions for AI-driven innovation to every industry and industrial workflow. NVIDIA Corporation was incorporated in 1993 and is headquartered in Santa Clara, California."
PG,The Procter & Gamble Company,Consumer Defensive,Household & Personal Products,United States,https://www.pginvestor.com,338504417280,21.08309,2.92,179.99,137.62,"The Procter & Gamble Company provides branded consumer packaged goods worldwide. It operates through Beauty; Grooming; Health Care; Fabric & Home Care; and Baby, Feminine & Family Care segments. The company offers conditioners, shampoos, styling aids, and treatments under the Head & Shoulders, Herbal Essences, Pantene, and Rejoice brands; antiperspirants, deodorants, and personal cleansing products under the Native, Old Spice, Safeguard, and Secret brands; and facial moisturizers, cleaners, and treatments under the Olay and SK-II brands. It also provides blades, razors, shave products, appliances, and other grooming products under the Braun, Gillette, and Venus brands. In addition, the company offers toothbrushes, toothpastes, and other oral care products under the Crest and Oral-B brands; and gastrointestinal, pain relief, rapid diagnostics, respiratory, vitamins/minerals/supplements, and other personal health care products under the Metamucil, Neurobion, Pepto-Bismol, and Vicks brands. Further, it provides fabric enhancers, and laundry additives and detergents under the Ariel, Downy, Gain, and Tide brands; and air and dish care, P&G professional, and surface care under the Cascade, Dawn, Fairy, Febreze, Mr. Clean, and Swiffer brands. Additionally, the company offers baby wipes, and taped diapers and pants under the Luvs and Pampers brands; adult incontinence and menstrual care products under the Always, Always Discreet, and Tampax brands; and paper towels, tissues, and toilet papers under the Bounty, Charmin, and Puffs brands. It sells its products through mass merchandisers, social and e-commerce channels, grocery and specialty beauty stores, membership club stores, drug and department stores, distributors, wholesalers, airport duty-free and high-frequency stores, pharmacies, electronics stores, and professional channels, as well as directly to consumers. The Procter & Gamble Company was founded in 1837 and is headquartered in Cincinnati, Ohio."
SHW,The Sherwin-Williams Company,Basic Materials,Specialty Chemicals,United States,https://www.sherwin-williams.com,88795070464,34.710526,0.89,379.65,308.84,"The Sherwin-Williams Company engages in the development, manufacture, distribution, and sale of paint, coatings, and related products to professional, industrial, commercial and retail customers. It operates through three segments: Paint Stores Group, Consumer Brands Group, and Performance Coatings Group. The Paint Stores Group segment offers architectural paint and coatings; protective and marine products; and OEM product finishes and related products for architectural and industrial paint contractors, and do-it-yourself homeowners under the Sherwin-Williams brand. The Consumer Brands Group segment supplies a portfolio of branded and private-label architectural paints, stains, varnishes, industrial products, wood finishes products, wood preservatives, applicators, corrosion inhibitors, aerosols, caulks, and adhesives to retailers, including home centers and hardware stores, and dedicated dealers and distributors. The Performance Coatings Group segment develops and sells industrial coatings for wood finishing and general industrial applications; automotive refinish products; protective and marine coatings; coil coatings; packaging coatings; and performance-based resins and colorants. This segment serves retailers, dealers, jobbers, licensees, and other third-party distributors. The company has operations in the North and South America, the Caribbean, Europe, Asia, and Australia. The Sherwin-Williams Company was founded in 1866 and is headquartered in Cleveland, Ohio."
TRV,"The Travelers Companies, Inc.",Financial Services,Insurance - Property & Casualty,United States,https://www.travelers.com,61087813632,10.682677,1.62,296.85,230.43,"The Travelers Companies, Inc., through its subsidiaries, provides a range of commercial and personal property, and casualty insurance products and services to businesses, government units, associations, and individuals in the United States and internationally. The company operates through three segments: Business Insurance, Bond & Specialty Insurance, and Personal Insurance. The Business Insurance segment offers workers' compensation, commercial automobile and property, general liability, commercial multi-peril, employers' liability, public and product liability, professional indemnity, marine, aviation, onshore and offshore energy, construction, terrorism, personal accident, and kidnap and ransom insurance products. This segment operates through select accounts, which serve small businesses; commercial accounts that serve mid-sized businesses; national accounts, which serve large companies; and national property and other that serve large and mid-sized customers, commercial trucking industry, and agricultural businesses, as well as markets and distributes its products through brokers, wholesale agents, and program managers. The Bond & Specialty Insurance segment provides surety, fidelity, management and professional liability, and other property and casualty coverages and related risk management services through independent agencies and brokers. The Personal Insurance segment offers property and casualty insurance covering personal risks, primarily automobile and homeowners' insurance to individuals through independent agencies and brokers. The Travelers Companies, Inc. was founded in 1853 and is based in New York, New York."
UNH,UnitedHealth Group Incorporated,Healthcare,Healthcare Plans,United States,https://www.unitedhealthgroup.com,307043041280,17.663366,2.61,606.36,234.6,"UnitedHealth Group Incorporated operates as a health care company in the United States and internationally. The company operates through four segments: UnitedHealthcare, Optum Health, Optum Insight, and Optum Rx. The UnitedHealthcare segment offers consumer-oriented health benefit plans and services for national employers, public sector employers, mid-sized employers, small businesses, and individuals; health care coverage, and health and well-being services to individuals age 50 and older; Medicaid plans, children's health insurance and health care programs; and health care benefits products and services to state programs caring for the economically disadvantaged, medically underserved, and those without the benefit of employer-funded health care coverage. The Optum Health segment provides care delivery, care management, wellness and consumer engagement, and health financial services patients, consumers, care delivery systems, providers, employers, payers, and public-sector entities. The Optum Insight segment offers software and information products, advisory consulting arrangements, and managed services outsourcing contracts to hospital systems, physicians, health plans, governments, life sciences companies, and other organizations. The Optum Rx segment provides pharmacy care services and programs, including retail network contracting, home delivery, specialty and community health pharmacy services, infusion, and purchasing and clinical capabilities, as well as develops programs in the areas of step therapy, formulary management, drug adherence, and disease and drug therapy management. UnitedHealth Group Incorporated was founded in 1974 and is based in Eden Prairie, Minnesota."
V,Visa Inc.,Financial Services,Credit Services,United States,https://www.visa.com,632523784192,32.163887,0.82,375.51,299.0,"Visa Inc. operates as a payment technology company in the United States and internationally. The company operates VisaNet, a transaction processing network that enables authorization, clearing, and settlement of payment transactions. It also offers credit, debit, and prepaid card products; tap to pay, tokenization, and click to pay services; Visa Direct, a platform which facilitates money movement, enabling clients to collect, hold, convert, and send funds across its network; and issuing solutions, such as airport lounge access, dining reservations, shopping experiences, event tickets, and seller offers. In addition, the company provides acceptance solutions, an omnichannel payment integration with e-commerce platforms; risk detection and prevention solutions; and advisory and other services comprising consulting practice, proprietary analytics models, data scientists and economists, marketing services, and managed services. It provides its services under the Visa, Visa Electron, V PAY, Interlink, and PLUS brands. The company serves consumers, sellers, financial institutions, and government entities. Visa Inc. was founded in 1958 and is headquartered in San Francisco, California."
VZ,Verizon Communications Inc.,Communication Services,Telecom Services,United States,https://www.verizon.com,165958516736,8.392324,7.01,47.36,10.6,"Verizon Communications Inc., through its subsidiaries, engages in the provision of communications, technology, information, and entertainment products and services to consumers, businesses, and governmental entities worldwide. It operates in two segments, Verizon Consumer Group (Consumer) and Verizon Business Group (Business). The Consumer segment provides wireless services across the wireless networks in the United States under the Verizon and TracFone brands and through wholesale and other arrangements; and fixed wireless access (FWA) broadband through its wireless networks, as well as related equipment and devices, such as smartphones, tablets, smart watches, and other wireless-enabled connected devices. The segment also offers wireline services in the Mid-Atlantic and Northeastern United States, as well as Washington D.C. through its fiber-optic network, Verizon Fios product portfolio, and a copper-based network. The Business segment provides wireless and wireline communications services and products, including FWA broadband, data, video and conferencing, corporate networking, security and managed network, local and long-distance voice, and network access services to deliver various IoT services and products to businesses, government customers, and wireless and wireline carriers in the United States and internationally. The company was formerly known as Bell Atlantic Corporation and changed its name to Verizon Communications Inc. in June 2000. Verizon Communications Inc. was incorporated in 1983 and is headquartered in New York, New York."
WMT,Walmart Inc.,Consumer Defensive,Discount Stores,United States,https://corporate.walmart.com,950363815936,41.67832,0.79,121.24,79.81,"Walmart Inc. engages in the operation of retail and wholesale stores and clubs, eCommerce websites, and mobile applications worldwide. The company operates through three segments: Walmart U.S., Walmart International, and Sam's Club. It operates supercenters, supermarkets, warehouse clubs, cash and carry stores, and discount stores under Walmart and Walmart Neighborhood Market brands; membership-only warehouse clubs; and ecommerce websites, such as walmart.com.mx, walmart.ca, flipkart.com, PhonePe and other sites. The company also offers grocery items, including dry grocery, snacks, dairy, meat, produce, deli and bakery, frozen foods, alcoholic and nonalcoholic beverages, as well as consumables, such as health and beauty aids, pet supplies, household chemicals, paper goods, and baby products; and fuel and other categories. In addition, it is involved in the provision of health and wellness products covering pharmacy, optical and hearing services, over-the-counter drugs, and protein and nutrition products; and home, hardlines, and seasonal items, including home improvement, outdoor living, gardening, furniture, apparel, jewelry, tools and power equipment, housewares, toys, and mattresses. Further, the company offers consumer electronics and accessories, software, video games, office supplies, appliances, and third-party gift cards. Additionally, it operates digital payment platforms; offers financial services and related products, including money transfers, bill payments, money orders, check cashing, prepaid access, co-branded credit cards, installment lending, and earned wage access; and markets lines of merchandise under private and licensed brands. The company was formerly known as Wal-Mart Stores, Inc. and changed its name to Walmart Inc. in February 2018. Walmart Inc. was founded in 1945 and is based in Bentonville, Arkansas."
